{"buffers":[],"models":[{"mesh":"assets/cube.obj","texture":"assets/dirty-pattern-paint-room-block_1203-5709.jpg"},{"mesh":"assets/untitled.obj","texture":""},{"mesh":"assets/baseball.obj","texture":""}],"materials":[{"name":"Brick","angular_stiffness":0.20000000298023225,"linear_stiffness":0.4000000059604645,"volume_preservation":0.8999999761581421},{"name":"Softball","angular_stiffness":0.10000000149011612,"linear_stiffness":0.10000000149011612,"volume_preservation":0.8999999761581421},{"name":"Paddle","angular_stiffness":0.800000011920929,"linear_stiffness":0.800000011920929,"volume_preservation":0.8999999761581421}],"objects":[{"name":"cube","model_id":0,"script":"brick","obj_class":"Brick","physics_options":{"name":"Brick","rigid":true,"mass":1.0,"position":{"x":0.0,"y":2.0,"z":1.899999976158142},"velocity":{"x":0.0,"y":0.0,"z":0.0},"rotation":{"x":0.0,"y":0.0,"z":0.0},"scale":{"x":10.0,"y":4.0,"z":1.0}}},{"name":"PingPong","model_id":1,"script":"pingpong","obj_class":"PingPong","physics_options":{"name":"Paddle","rigid":true,"mass":1.0,"position":{"x":-3.120000123977661,"y":-1.0700000524520875,"z":7.789999961853027},"velocity":{"x":0.0,"y":0.0,"z":0.0},"rotation":{"x":70.00000762939453,"y":260.0,"z":90.00000762939453},"scale":{"x":0.0070000020787119869,"y":0.007000001147389412,"z":0.007000001147389412}}},{"name":"Ball","model_id":2,"script":"baseball","obj_class":"Baseball","physics_options":{"name":"Softball","rigid":true,"mass":0.000009999999747378752,"position":{"x":-1.3400001525878907,"y":2.430000066757202,"z":7.349999904632568},"velocity":{"x":0.0,"y":0.0,"z":-5.0},"rotation":{"x":0.0,"y":0.0,"z":0.0},"scale":{"x":10.0,"y":10.0,"z":10.0}}}],"object_lists":[{"children":[{"name":"brick","object_id":0}],"position":{"x":0.0,"y":0.0,"z":1.899999976158142},"randomizer":{"use_randomizer":true,"color_randomize_options":{"use_randomizer":true,"brightness":0.0},"texture_randomize_options":{"use_randomizer":false},"material_randomize_options":{"use_randomizer":false,"variance":0.0},"spawn_options":{"use_randomizer":false}}},{"children":[{"name":"Paddle","object_id":1},{"name":"baseball","object_id":2}],"position":{"x":-4.900000095367432,"y":0.14999999105930329,"z":0.14999999105930329},"randomizer":{"use_randomizer":true,"color_randomize_options":{"use_randomizer":true,"brightness":0.699999988079071},"texture_randomize_options":{"use_randomizer":false},"material_randomize_options":{"use_randomizer":false,"variance":0.0},"spawn_options":{"use_randomizer":false}}}],"env_config":{"action_dim":4,"obs_dim":10,"score_keeper":{"name":"baseball","object_id":2},"action_controller":{"name":"Paddle","object_id":1},"camera_p":{"x":-0.949999988079071,"y":3.0299999713897707,"z":20.920000076293947},"camera_hpr":{"x":0.0,"y":180.0,"z":0.0}}}