{"buffers":[{"name":"GlowShader","shader_name":"shaders/glowShader.sha","filters":[{"filePath":"shaders/XBlurShader.sha"},{"filePath":"shaders/YBlurShader.sha"}]}],"models":[{"mesh":"assets/cube.obj","texture":"assets/dirty-pattern-paint-room-block_1203-5709.jpg","material":{"diffuse":{"r":0.800000011920929,"g":0.800000011920929,"b":0.800000011920929,"a":1.0},"emission":{"r":0.0,"g":0.0,"b":0.0,"a":1.0},"specular":{"r":1.0,"g":1.0,"b":1.0,"a":1.0},"shininess":0.0}},{"mesh":"assets/untitled.obj","texture":"","material":{"diffuse":{"r":1.0,"g":1.0,"b":1.0,"a":0.5},"emission":{"r":1.0,"g":1.0,"b":1.0,"a":1.0},"specular":{"r":1.0,"g":1.0,"b":1.0,"a":1.0},"shininess":0.0}},{"mesh":"assets/baseball.obj","texture":"","material":{"diffuse":{"r":1.0,"g":1.0,"b":1.0,"a":0.5},"emission":{"r":1.0,"g":1.0,"b":1.0,"a":1.0},"specular":{"r":1.0,"g":1.0,"b":1.0,"a":1.0},"shininess":0.0}}],"materials":[{"name":"Brick","angular_stiffness":0.20000000298023225,"linear_stiffness":0.4000000059604645,"volume_preservation":0.8999999761581421},{"name":"Softball","angular_stiffness":0.10000000149011612,"linear_stiffness":0.10000000149011612,"volume_preservation":0.8999999761581421},{"name":"Paddle","angular_stiffness":0.800000011920929,"linear_stiffness":0.800000011920929,"volume_preservation":0.8999999761581421}],"objects":[{"name":"cube","model_id":0,"script":"brick","obj_class":"Brick","physics_options":{"name":"Brick","rigid":true,"mass":1.0,"position":{"x":0.0,"y":2.0,"z":1.899999976158142},"velocity":{"x":0.0,"y":0.0,"z":0.0},"rotation":{"x":0.0,"y":0.0,"z":0.0},"scale":{"x":10.0,"y":4.0,"z":1.0}}},{"name":"PingPong","model_id":1,"script":"pingpong","obj_class":"PingPong","physics_options":{"name":"Paddle","rigid":true,"mass":1.0,"position":{"x":-3.120000123977661,"y":-1.0700000524520875,"z":7.789999961853027},"velocity":{"x":0.0,"y":0.0,"z":0.0},"rotation":{"x":70.00000762939453,"y":260.0,"z":90.00000762939453},"scale":{"x":0.0070000020787119869,"y":0.007000001147389412,"z":0.007000001147389412}}},{"name":"Ball","model_id":2,"script":"baseball","obj_class":"Baseball","physics_options":{"name":"Softball","rigid":true,"mass":0.000009999999747378752,"position":{"x":-1.3400001525878907,"y":2.430000066757202,"z":7.349999904632568},"velocity":{"x":0.0,"y":0.0,"z":-0.05000000074505806},"rotation":{"x":0.0,"y":0.0,"z":0.0},"scale":{"x":10.0,"y":10.0,"z":10.0}}}],"object_lists":[{"children":[{"name":"brick","object_id":0}],"position":{"x":0.0,"y":0.0,"z":1.899999976158142},"randomizer":{"use_randomizer":true,"color_randomize_options":{"use_randomizer":true,"brightness":0.0},"texture_randomize_options":{"use_randomizer":false},"material_randomize_options":{"use_randomizer":false,"variance":0.0},"spawn_options":{"use_randomizer":false,"number":0,"plane_position":{"x":0.0,"y":0.0,"z":1.899999976158142},"plane_normal":{"x":0.0,"y":1.0,"z":0.0},"plane_u":{"x":1.0,"y":0.0,"z":0.0},"x":0.0,"y":0.0}}},{"children":[{"name":"Paddle","object_id":1},{"name":"baseball","object_id":2}],"position":{"x":-4.900000095367432,"y":0.14999999105930329,"z":0.14999999105930329},"randomizer":{"use_randomizer":true,"color_randomize_options":{"use_randomizer":true,"brightness":0.699999988079071},"texture_randomize_options":{"use_randomizer":false},"material_randomize_options":{"use_randomizer":false,"variance":0.0},"spawn_options":{"use_randomizer":false,"number":0,"plane_position":{"x":-4.900000095367432,"y":0.14999999105930329,"z":0.14999999105930329},"plane_normal":{"x":0.0,"y":1.0,"z":0.0},"plane_u":{"x":1.0,"y":0.0,"z":0.0},"x":0.0,"y":0.0}}}],"env_config":{"action_dim":4,"obs_dim":10,"score_keeper":{"name":"baseball","object_id":2},"action_controller":{"name":"Paddle","object_id":1},"camera_p":{"x":-0.949999988079071,"y":3.0299999713897707,"z":20.920000076293947},"camera_hpr":{"x":0.0,"y":180.0,"z":0.0}},"light_data":[{"direction":{"x":-0.32139378786087038,"y":-0.7660444378852844,"z":0.5566704273223877},"color":{"r":1.0,"g":1.0,"b":1.0,"a":1.0}}],"constraint_data":[{"obj_id1":1,"obj_id2":-1,"var1":-5.0,"var2":5.0,"var3":0.009999999776482582,"type":0,"pos1":{"x":-3.120000123977661,"y":-1.0700000524520875,"z":7.789999961853027},"pos2":{"x":0.0,"y":0.0,"z":0.0},"hpr1":{"x":70.00000762939453,"y":260.0,"z":90.00000762939453},"hpr2":{"x":0.0,"y":0.0,"z":0.0}}]}